Thread,Baseline Read Access,Baseline Write Access,Baseline GC,Harp Read Access,Harp Write Access,Harp GC
18,0.30462,0.01256,4.739,0.07198,0.00873,1.226
24,0.47856,0.03730,7.577,0.17111,0.03042,3.023
30,0.66778,0.07681,10.897,0.28927,0.07587,4.869
36,0.86535,0.12037,13.977,0.41531,0.11373,6.683