SegSize,C0_RBBytes,C1_RBBytes,C2_RBBytes,C0_RBRate,C1_RBRate,C2_RBRate,C0_GCTimes,C1_GCTimes,C2_GCTimes,C0_GCRate,C1_GCRate,C2_GCRate
4 KB,197.39,541.78,1013.99,1,2.744718577,5.136987689,58760,158479,764367,17.4933,47.18041,227.5579
16 KB,161.83,326.56,539.28,1,2.01792004,3.332385837,14060,40174,167323,4.18577,11.96011,49.81334
64 KB,103.50,142.54,167.09,1,1.377198068,1.614396135,3359,10134,41657,1,3.016969,12.40161