Thread,Baseline Read Access,Baseline Write Access,Baseline GC,Harp Read Access,Harp Write Access,Harp GC
32,0.63811,0.06350,7.249,0.23228,0.04336,2.779
64,0.61244,0.04836,11.732,0.22938,0.04156,4.327
128,0.60937,0.05018,21.069,0.19927,0.03484,6.842
256,0.61429,0.05958,39.698,0.21956,0.03594,14.240
512,0.60863,0.05417,78.436,0.37758,0.03653,47.634